<?xml version="1.0" encoding="UTF-8"?>
<!DOCTYPE mapper
    PUBLIC "-//mybatis.org//DTD Mapper 3.0//EN"
    "http://mybatis.org/dtd/mybatis-3-mapper.dtd">
<mapper namespace="com.mycom.myapp.dao.EmpDao">

	<select id="listEmpLike" parameterType="string" resultType="com.mycom.myapp.dto.EmpDto">
		select employeeId , first_name, last_name, email, hiredate 
		from emp
		where last_name like concat('%', #{searchWord}, '%');
	</select>
	
	<resultMap id="empMap" type="com.mycom.myapp.dto.EmpDto">
		<result property="employeeId" column="employeeId"/>
		<result property="firstName" column="first_name"/>
		<result property="lastName" column="last_name"/><!-- lastName 으로 변경해 본다. -->
	</resultMap>
	
	<select id="listEmpMap" resultMap="empMap">
		select employeeId , first_name, last_name 
		from emp;
	</select>
	
<!-- 	first 들어오면 first가지고 whre 만들고
	두개만: whre and
	세개 다: where and and -->	
    <select id="listEmpWhereIf" parameterType="map" resultType="com.mycom.myapp.dto.EmpDto">
       select employeeId, first_name, last_name, email, hiredate 
         from emp
         <where>
            <if test="firstName != null">
                first_name = #{firstName}
            </if>
            <if test="lastName != null">
                 and last_name = #{lastName} 
            </if> 
            <if test="email != null">
                and email = #{email}
            </if>
         </where> 
    </select>
</mapper>    
    